{
  "avg_eer": 0.060281481481481484,
  "std_eer": 0.0820766155224521,
  "median_eer": 0.022522522522522515,
  "worst_eer": 0.721921921921922,
  "best_eer": 0.0,
  "avg_far_1": 0.49920000000000003,
  "avg_frr_1": 0.00772272272272272,
  "n_users": 1000,
  "config": "E1_baseline",
  "E": 1,
  "runtime_seconds": 557.4809241294861,
  "global_threshold": 1.4756424489890836
}