{
  "avg_eer": 0.030315815815815817,
  "std_eer": 0.0507456722403892,
  "median_eer": 0.013013013013012997,
  "worst_eer": 0.4202202202202202,
  "best_eer": 0.0,
  "avg_far_1": 0.3444,
  "avg_frr_1": 0.008023023023023018,
  "n_users": 1000,
  "config": "E1_baseline",
  "E": 5,
  "runtime_seconds": 599.8123168945312,
  "global_threshold": 1.1963183423229127
}