{
  "avg_eer": 0.0430966966966967,
  "std_eer": 0.064033385164278,
  "median_eer": 0.01751751751751751,
  "worst_eer": 0.4202202202202202,
  "best_eer": 0.0,
  "avg_far_1": 0.42760000000000004,
  "avg_frr_1": 0.007743743743743742,
  "n_users": 1000,
  "config": "E1_baseline",
  "E": 2,
  "runtime_seconds": 546.6504752635956,
  "global_threshold": 1.3084341084989262
}