{
  "avg_eer": 0.25981521521521517,
  "std_eer": 0.17135897239942283,
  "median_eer": 0.21036036036036038,
  "worst_eer": 0.9819819819819819,
  "best_eer": 0.0005005005005004892,
  "avg_far_1": 0.8516,
  "avg_frr_1": 0.003908908908908907,
  "n_users": 1000,
  "config": "E2_preprocessing",
  "E": 1,
  "runtime_seconds": 569.6630370616913,
  "global_threshold": 1.2568823804324307
}