{
  "5": {
    "E1": {
      "avg_eer": 0.030315815815815817,
      "std_eer": 0.0507456722403892,
      "median_eer": 0.013013013013012997,
      "worst_eer": 0.4202202202202202,
      "best_eer": 0.0,
      "avg_far_1": 0.3444,
      "avg_frr_1": 0.008023023023023018,
      "n_users": 1000,
      "config": "E1_baseline",
      "E": 5,
      "runtime_seconds": 599.8123168945312,
      "global_threshold": 1.1963183423229127
    },
    "E2": {
      "avg_eer": 0.20076076076076077,
      "std_eer": 0.14527223485724525,
      "median_eer": 0.1860860860860861,
      "worst_eer": 0.7923923923923923,
      "best_eer": 0.0,
      "avg_far_1": 0.796,
      "avg_frr_1": 0.00537337337337337,
      "n_users": 1000,
      "config": "E2_preprocessing",
      "E": 5,
      "runtime_seconds": 752.1472425460815,
      "global_threshold": 1.096638280250377
    }
  }
}