{
  "5": {
    "E1": {
      "avg_eer": 0.030315815815815817,
      "std_eer": 0.0507456722403892,
      "median_eer": 0.013013013013012997,
      "worst_eer": 0.4202202202202202,
      "best_eer": 0.0,
      "avg_far_1": 0.3444,
      "avg_frr_1": 0.008023023023023018,
      "n_users": 1000,
      "config": "E1_baseline",
      "E": 5,
      "runtime_seconds": 543.3658857345581,
      "global_threshold": 1.1963183423229127
    },
    "E2": {
      "avg_eer": 0.2020865865865866,
      "std_eer": 0.14367321662058324,
      "median_eer": 0.18733733733733735,
      "worst_eer": 0.7859859859859859,
      "best_eer": 0.0,
      "avg_far_1": 0.8002,
      "avg_frr_1": 0.005322322322322319,
      "n_users": 1000,
      "config": "E2_preprocessing",
      "E": 5,
      "runtime_seconds": 548.2763097286224,
      "global_threshold": 1.104438273696203
    }
  }
}